Generation,Average,Best
0,0,0
1,3.70181818181803,45.45454545454545
2,3.7018181818180307,45.45454545454545
3,3.701818181818032,45.45454545454545
4,3.7018181818180333,45.45454545454545
5,3.701818181818034,45.45454545454545
6,3.701818181818034,45.45454545454545
7,3.701818181818034,45.45454545454545
8,3.701818181818034,45.45454545454545
9,3.7018181818180347,45.45454545454545
10,3.7018181818180347,45.45454545454545
11,3.7018181818180347,45.45454545454545
12,3.7018181818180347,45.45454545454545
13,3.7018181818180347,45.45454545454545
14,3.7018181818180347,54.54545454545454
15,3.7018181818180347,54.54545454545454
16,3.7018181818180356,54.54545454545454
17,3.701818181818036,54.54545454545454
18,3.701818181818036,54.54545454545454
19,3.7009090909089464,54.54545454545454
20,3.7009090909089464,45.45454545454545
21,3.7009090909089473,45.45454545454545
22,3.7009090909089473,45.45454545454545
23,3.7009090909089473,45.45454545454545
24,3.7009090909089477,45.45454545454545
25,3.7009090909089486,45.45454545454545
26,3.7009090909089486,45.45454545454545
27,3.700909090908949,45.45454545454545
28,3.70090909090895,54.54545454545454
29,3.70090909090895,54.54545454545454
30,3.70090909090895,54.54545454545454
31,3.70090909090895,54.54545454545454
32,3.70090909090895,63.63636363636363
33,3.70090909090895,63.63636363636363
34,3.70090909090895,63.63636363636363
35,3.70090909090895,63.63636363636363
36,3.70090909090895,63.63636363636363
37,3.70090909090895,63.63636363636363
38,3.70090909090895,63.63636363636363
39,3.70090909090895,63.63636363636363
40,3.70090909090895,63.63636363636363
41,3.70090909090895,63.63636363636363
42,3.70090909090895,63.63636363636363
43,3.70090909090895,63.63636363636363
44,3.700909090908951,63.63636363636363
45,3.700909090908951,63.63636363636363
46,3.700909090908951,63.63636363636363
47,3.700909090908951,63.63636363636363
48,3.700909090908951,63.63636363636363
49,3.700909090908951,63.63636363636363
50,3.70090909090895,63.63636363636363
51,3.7009090909089513,63.63636363636363
52,3.7009090909089513,63.63636363636363
53,3.700909090908952,63.63636363636363
54,3.7009090909089535,63.63636363636363
55,3.7009090909089535,63.63636363636363
56,3.7009090909089535,63.63636363636363
57,3.7009090909089535,63.63636363636363
58,3.7009090909089535,63.63636363636363
59,3.7009090909089535,63.63636363636363
60,3.699999999999863,63.63636363636363
61,3.699999999999864,63.63636363636363
62,3.699999999999864,63.63636363636363
63,3.699999999999864,63.63636363636363
64,3.699999999999864,63.63636363636363
65,3.699999999999864,63.63636363636363
66,3.6999999999998643,63.63636363636363
67,3.6999999999998643,63.63636363636363
68,3.699999999999866,63.63636363636363
69,3.699999999999866,63.63636363636363
70,3.699999999999866,72.72727272727273
71,3.699999999999866,63.63636363636363
72,3.6999999999998674,63.63636363636363
73,3.6999999999998674,63.63636363636363
74,3.6999999999998674,63.63636363636363
75,3.6999999999998674,63.63636363636363
76,3.6999999999998674,72.72727272727273
77,3.6999999999998674,72.72727272727273
78,3.6999999999998674,72.72727272727273
79,3.6999999999998674,72.72727272727273
80,3.6999999999998674,72.72727272727273
81,3.6999999999998674,72.72727272727273
82,3.6999999999998674,72.72727272727273
83,3.6999999999998674,72.72727272727273
84,3.6999999999998674,72.72727272727273
85,3.6990909090907755,72.72727272727273
86,3.6981818181816855,72.72727272727273
87,3.698181818181686,72.72727272727273
88,3.698181818181686,72.72727272727273
89,3.698181818181686,72.72727272727273
90,3.698181818181686,72.72727272727273
91,3.6981818181816855,72.72727272727273
92,3.6981818181816855,72.72727272727273
93,3.6981818181816855,72.72727272727273
94,3.6981818181816855,72.72727272727273
95,3.6981818181816855,72.72727272727273
96,3.6981818181816855,72.72727272727273
97,3.6981818181816855,72.72727272727273
98,3.698181818181686,72.72727272727273
99,3.698181818181686,72.72727272727273
100,3.697272727272595,72.72727272727273
101,3.697272727272596,72.72727272727273
102,3.697272727272596,72.72727272727273
103,3.697272727272596,72.72727272727273
104,3.697272727272596,72.72727272727273
105,3.697272727272596,72.72727272727273
106,3.6972727272725963,72.72727272727273
107,3.6972727272725963,72.72727272727273
108,3.6972727272725963,72.72727272727273
109,3.6972727272725963,72.72727272727273
110,3.6963636363635053,72.72727272727273
111,3.6963636363635053,72.72727272727273
112,3.6963636363635053,72.72727272727273
113,3.6963636363635053,72.72727272727273
114,3.696363636363506,72.72727272727273
115,3.696363636363506,72.72727272727273
116,3.696363636363506,72.72727272727273
117,3.696363636363506,72.72727272727273
118,3.696363636363506,72.72727272727273
119,3.695454545454415,72.72727272727273
120,3.695454545454415,54.54545454545454
121,3.695454545454415,54.54545454545454
122,3.695454545454415,54.54545454545454
123,3.695454545454415,54.54545454545454
124,3.695454545454415,54.54545454545454
125,3.6954545454544157,54.54545454545454
126,3.6954545454544157,54.54545454545454
127,3.6954545454544157,54.54545454545454
128,3.6954545454544165,54.54545454545454
129,3.6954545454544157,54.54545454545454
130,3.6954545454544157,54.54545454545454
131,3.6954545454544157,54.54545454545454
132,3.6954545454544165,54.54545454545454
133,3.6954545454544165,54.54545454545454
134,3.6954545454544165,63.63636363636363
135,3.695454545454417,63.63636363636363
136,3.695454545454418,72.72727272727273
137,3.695454545454417,72.72727272727273
138,3.6954545454544165,72.72727272727273
139,3.6954545454544165,72.72727272727273
140,3.6954545454544165,54.54545454545454
141,3.695454545454417,54.54545454545454
142,3.695454545454417,54.54545454545454
143,3.695454545454417,54.54545454545454
144,3.695454545454417,54.54545454545454
145,3.695454545454417,54.54545454545454
146,3.6954545454544165,54.54545454545454
147,3.6954545454544165,54.54545454545454
148,3.6954545454544165,54.54545454545454
149,3.695454545454417,54.54545454545454
150,3.695454545454417,54.54545454545454
151,3.695454545454417,54.54545454545454
152,3.695454545454417,54.54545454545454
153,3.695454545454417,54.54545454545454
154,3.695454545454417,54.54545454545454
155,3.695454545454417,54.54545454545454
156,3.695454545454417,54.54545454545454
157,3.695454545454417,54.54545454545454
158,3.695454545454417,63.63636363636363
159,3.6954545454544165,63.63636363636363
160,3.6954545454544165,63.63636363636363
161,3.6954545454544165,63.63636363636363
162,3.6954545454544165,63.63636363636363
163,3.6954545454544165,63.63636363636363
164,3.6954545454544165,63.63636363636363
165,3.6954545454544157,63.63636363636363
166,3.6954545454544157,63.63636363636363
167,3.6954545454544165,63.63636363636363
168,3.695454545454417,72.72727272727273
169,3.695454545454417,54.54545454545454
170,3.695454545454417,54.54545454545454
171,3.695454545454418,54.54545454545454
172,3.695454545454418,54.54545454545454
173,3.695454545454418,54.54545454545454
174,3.695454545454418,54.54545454545454
175,3.695454545454418,54.54545454545454
176,3.695454545454418,54.54545454545454
177,3.695454545454418,54.54545454545454
178,3.695454545454418,54.54545454545454
179,3.695454545454418,63.63636363636363
180,3.695454545454418,63.63636363636363
181,3.695454545454418,63.63636363636363
182,3.695454545454418,63.63636363636363
183,3.695454545454418,63.63636363636363
184,3.695454545454418,63.63636363636363
185,3.694545454545327,63.63636363636363
186,3.6945454545453273,63.63636363636363
187,3.694545454545327,63.63636363636363
188,3.6945454545453273,63.63636363636363
189,3.6945454545453273,63.63636363636363
190,3.6945454545453273,63.63636363636363
191,3.6945454545453282,63.63636363636363
192,3.6945454545453273,63.63636363636363
193,3.6945454545453273,63.63636363636363
194,3.6945454545453273,63.63636363636363
195,3.6945454545453273,63.63636363636363
196,3.694545454545327,63.63636363636363
197,3.694545454545327,63.63636363636363
198,3.6936363636362364,63.63636363636363
199,3.6936363636362364,63.63636363636363
200,3.6936363636362364,63.63636363636363
201,3.693636363636236,63.63636363636363
202,3.693636363636236,63.63636363636363
203,3.693636363636236,63.63636363636363
204,3.693636363636236,63.63636363636363
205,3.693636363636236,63.63636363636363
206,3.693636363636236,63.63636363636363
207,3.693636363636236,63.63636363636363
208,3.693636363636236,63.63636363636363
209,3.693636363636236,63.63636363636363
210,3.693636363636236,63.63636363636363
211,3.6936363636362364,63.63636363636363
212,3.6936363636362364,63.63636363636363
213,3.6936363636362364,63.63636363636363
214,3.6936363636362364,63.63636363636363
215,3.6936363636362364,63.63636363636363
216,3.6936363636362364,63.63636363636363
217,3.6936363636362364,63.63636363636363
218,3.6936363636362364,63.63636363636363
219,3.6936363636362373,63.63636363636363
220,3.6936363636362373,63.63636363636363
221,3.6936363636362373,63.63636363636363
222,3.6936363636362373,63.63636363636363
223,3.6936363636362373,63.63636363636363
224,3.6936363636362373,63.63636363636363
225,3.6936363636362373,63.63636363636363
226,3.6936363636362373,63.63636363636363
227,3.6936363636362373,54.54545454545454
228,3.6936363636362373,54.54545454545454
229,3.6936363636362373,54.54545454545454
230,3.6936363636362373,54.54545454545454
231,3.6936363636362373,54.54545454545454
232,3.6936363636362373,63.63636363636363
233,3.6936363636362373,63.63636363636363
234,3.6936363636362373,63.63636363636363
235,3.6936363636362373,63.63636363636363
236,3.6936363636362373,63.63636363636363
237,3.6927272727271485,54.54545454545454
238,3.6927272727271485,63.63636363636363
239,3.6927272727271485,63.63636363636363
240,3.6927272727271485,63.63636363636363
241,3.6927272727271485,63.63636363636363
242,3.6927272727271485,63.63636363636363
243,3.6927272727271485,63.63636363636363
244,3.6927272727271485,63.63636363636363
245,3.6927272727271485,63.63636363636363
246,3.6927272727271485,63.63636363636363
247,3.6927272727271485,63.63636363636363
248,3.691818181818058,63.63636363636363
249,3.691818181818058,63.63636363636363
250,3.691818181818058,63.63636363636363
251,3.691818181818058,63.63636363636363
252,3.691818181818058,63.63636363636363
253,3.691818181818058,63.63636363636363
254,3.691818181818059,63.63636363636363
255,3.691818181818059,63.63636363636363
256,3.691818181818058,63.63636363636363
257,3.691818181818058,63.63636363636363
258,3.691818181818059,63.63636363636363
259,3.691818181818058,63.63636363636363
260,3.691818181818058,63.63636363636363
261,3.691818181818058,63.63636363636363
262,3.691818181818058,63.63636363636363
263,3.691818181818058,63.63636363636363
264,3.691818181818058,63.63636363636363
265,3.691818181818058,63.63636363636363
266,3.691818181818058,63.63636363636363
267,3.691818181818059,63.63636363636363
268,3.691818181818059,63.63636363636363
269,3.691818181818059,63.63636363636363
270,3.691818181818059,63.63636363636363
271,3.691818181818058,63.63636363636363
272,3.691818181818058,63.63636363636363
273,3.691818181818058,63.63636363636363
274,3.691818181818058,63.63636363636363
275,3.690909090908967,63.63636363636363
276,3.690909090908967,63.63636363636363
277,3.690909090908967,63.63636363636363
278,3.690909090908967,63.63636363636363
279,3.690909090908967,63.63636363636363
280,3.690909090908967,63.63636363636363
281,3.690909090908967,63.63636363636363
282,3.690909090908967,63.63636363636363
283,3.690909090908968,63.63636363636363
284,3.690909090908968,63.63636363636363
285,3.6909090909089683,63.63636363636363
286,3.6909090909089683,63.63636363636363
287,3.6909090909089683,63.63636363636363
288,3.6909090909089683,63.63636363636363
289,3.6909090909089683,63.63636363636363
290,3.6909090909089683,63.63636363636363
291,3.6909090909089683,63.63636363636363
292,3.6909090909089683,63.63636363636363
293,3.6909090909089683,81.81818181818183
294,3.6909090909089683,81.81818181818183
295,3.6909090909089683,81.81818181818183
296,3.6909090909089683,81.81818181818183
297,3.6909090909089692,81.81818181818183
298,3.6909090909089683,81.81818181818183
299,3.6909090909089692,81.81818181818183
300,3.6909090909089692,81.81818181818183
301,3.6909090909089692,81.81818181818183
302,3.6909090909089692,81.81818181818183
303,3.6909090909089692,81.81818181818183
304,3.6909090909089683,81.81818181818183
305,3.6909090909089697,81.81818181818183
306,3.6909090909089697,72.72727272727273
307,3.6909090909089697,72.72727272727273
308,3.6909090909089692,63.63636363636363
309,3.6909090909089692,63.63636363636363
310,3.6909090909089692,72.72727272727273
311,3.6909090909089692,72.72727272727273
312,3.6909090909089692,72.72727272727273
313,3.6909090909089683,72.72727272727273
314,3.6909090909089692,72.72727272727273
315,3.6909090909089692,72.72727272727273
316,3.6909090909089692,72.72727272727273
317,3.6909090909089692,72.72727272727273
318,3.6909090909089683,72.72727272727273
319,3.6909090909089683,72.72727272727273
320,3.6909090909089692,72.72727272727273
321,3.6909090909089692,63.63636363636363
322,3.6909090909089692,63.63636363636363
323,3.6909090909089692,63.63636363636363
324,3.6909090909089692,63.63636363636363
325,3.6909090909089683,81.81818181818183
326,3.6909090909089697,81.81818181818183
327,3.6909090909089697,81.81818181818183
328,3.6909090909089697,81.81818181818183
329,3.6909090909089706,81.81818181818183
330,3.6909090909089706,72.72727272727273
331,3.6909090909089706,72.72727272727273
332,3.6909090909089706,72.72727272727273
333,3.6909090909089706,72.72727272727273
334,3.6909090909089706,72.72727272727273
335,3.6909090909089706,72.72727272727273
336,3.6909090909089706,72.72727272727273
337,3.6909090909089706,72.72727272727273
338,3.6909090909089706,72.72727272727273
339,3.6909090909089706,72.72727272727273
340,3.6909090909089706,72.72727272727273
341,3.690909090908971,72.72727272727273
342,3.690909090908971,72.72727272727273
343,3.690909090908971,81.81818181818183
344,3.690909090908971,81.81818181818183
345,3.690909090908971,81.81818181818183
346,3.6909090909089706,81.81818181818183
347,3.6909090909089706,72.72727272727273
348,3.6909090909089706,72.72727272727273
349,3.6909090909089706,72.72727272727273
350,3.6909090909089706,72.72727272727273
351,3.6909090909089706,72.72727272727273
352,3.6909090909089706,81.81818181818183
353,3.6909090909089706,81.81818181818183
354,3.6909090909089706,81.81818181818183
355,3.6909090909089706,81.81818181818183
356,3.6909090909089706,81.81818181818183
357,3.6909090909089706,81.81818181818183
358,3.6909090909089706,81.81818181818183
359,3.6909090909089706,81.81818181818183
360,3.6909090909089706,81.81818181818183
361,3.6909090909089706,81.81818181818183
362,3.6909090909089706,81.81818181818183
363,3.6909090909089706,81.81818181818183
364,3.6909090909089706,81.81818181818183
365,3.6909090909089706,81.81818181818183
366,3.6909090909089706,81.81818181818183
367,3.6909090909089706,81.81818181818183
368,3.6909090909089706,81.81818181818183
369,3.6909090909089706,81.81818181818183
370,3.6909090909089706,81.81818181818183
371,3.6909090909089706,81.81818181818183
372,3.6909090909089706,81.81818181818183
373,3.6909090909089706,81.81818181818183
374,3.6909090909089706,81.81818181818183
375,3.6909090909089706,81.81818181818183
376,3.6909090909089706,81.81818181818183
377,3.6909090909089706,81.81818181818183
378,3.690909090908971,81.81818181818183
379,3.690909090908971,81.81818181818183
380,3.689999999999881,81.81818181818183
381,3.689999999999881,81.81818181818183
382,3.68999999999988,81.81818181818183
383,3.6899999999998796,81.81818181818183
384,3.6899999999998796,81.81818181818183
385,3.6899999999998787,81.81818181818183
386,3.6899999999998796,81.81818181818183
387,3.6899999999998796,81.81818181818183
388,3.68999999999988,81.81818181818183
389,3.68999999999988,81.81818181818183
390,3.68999999999988,81.81818181818183
391,3.68999999999988,81.81818181818183
392,3.68999999999988,81.81818181818183
393,3.6899999999998796,81.81818181818183
394,3.6899999999998796,81.81818181818183
395,3.6899999999998796,81.81818181818183
396,3.6899999999998796,81.81818181818183
397,3.6899999999998796,81.81818181818183
398,3.6899999999998796,72.72727272727273
399,3.6899999999998796,72.72727272727273
400,3.6899999999998796,72.72727272727273
401,3.6899999999998796,72.72727272727273
402,3.6899999999998796,72.72727272727273
403,3.6899999999998796,72.72727272727273
404,3.68999999999988,72.72727272727273
405,3.68999999999988,63.63636363636363
406,3.68999999999988,63.63636363636363
407,3.68999999999988,63.63636363636363
408,3.68999999999988,63.63636363636363
409,3.68999999999988,63.63636363636363
410,3.689090909090789,63.63636363636363
411,3.68909090909079,63.63636363636363
412,3.689090909090789,63.63636363636363
413,3.689090909090789,63.63636363636363
414,3.689090909090789,63.63636363636363
415,3.689090909090789,63.63636363636363
416,3.689090909090789,63.63636363636363
417,3.68909090909079,63.63636363636363
418,3.68909090909079,63.63636363636363
419,3.68909090909079,63.63636363636363
420,3.6890909090907904,72.72727272727273
421,3.6890909090907904,72.72727272727273
422,3.6890909090907904,72.72727272727273
423,3.68909090909079,72.72727272727273
424,3.6890909090907904,72.72727272727273
425,3.6890909090907904,72.72727272727273
426,3.6890909090907904,72.72727272727273
427,3.6890909090907904,72.72727272727273
428,3.6890909090907904,72.72727272727273
429,3.6890909090907904,72.72727272727273
430,3.6890909090907904,72.72727272727273
431,3.6890909090907904,72.72727272727273
432,3.6890909090907913,72.72727272727273
433,3.6890909090907913,72.72727272727273
434,3.6890909090907913,72.72727272727273
435,3.6890909090907913,63.63636363636363
436,3.6890909090907913,63.63636363636363
437,3.6890909090907913,72.72727272727273
438,3.689090909090792,72.72727272727273
439,3.6890909090907913,63.63636363636363
440,3.689090909090792,63.63636363636363
441,3.689090909090792,63.63636363636363
442,3.6890909090907926,63.63636363636363
443,3.6890909090907926,72.72727272727273
444,3.6890909090907926,72.72727272727273
445,3.6890909090907926,72.72727272727273
446,3.6890909090907926,72.72727272727273
447,3.6890909090907926,72.72727272727273
448,3.6890909090907926,72.72727272727273
449,3.6890909090907926,72.72727272727273
450,3.6890909090907926,72.72727272727273
451,3.6890909090907926,72.72727272727273
452,3.6890909090907926,72.72727272727273
453,3.6890909090907926,72.72727272727273
454,3.6890909090907926,72.72727272727273
455,3.6881818181817025,72.72727272727273
456,3.6881818181817025,72.72727272727273
457,3.6881818181817025,72.72727272727273
458,3.6881818181817017,72.72727272727273
459,3.6881818181817017,81.81818181818183
460,3.6881818181817017,81.81818181818183
461,3.6881818181817017,81.81818181818183
462,3.6872727272726107,81.81818181818183
463,3.6872727272726107,81.81818181818183
464,3.6872727272726107,81.81818181818183
465,3.6872727272726107,81.81818181818183
466,3.6872727272726107,81.81818181818183
467,3.68727272727261,81.81818181818183
468,3.68727272727261,81.81818181818183
469,3.68727272727261,81.81818181818183
470,3.68727272727261,81.81818181818183
471,3.68727272727261,81.81818181818183
472,3.68727272727261,81.81818181818183
473,3.68727272727261,81.81818181818183
474,3.68727272727261,81.81818181818183
475,3.6872727272726094,81.81818181818183
476,3.6872727272726094,81.81818181818183
477,3.6872727272726094,81.81818181818183
478,3.6872727272726094,81.81818181818183
479,3.6872727272726094,81.81818181818183
480,3.6863636363635184,81.81818181818183
481,3.6863636363635184,81.81818181818183
482,3.6863636363635184,81.81818181818183
483,3.6863636363635175,81.81818181818183
484,3.6863636363635175,81.81818181818183
485,3.6863636363635175,81.81818181818183
486,3.6863636363635184,81.81818181818183
487,3.6863636363635184,81.81818181818183
488,3.6863636363635184,81.81818181818183
489,3.6863636363635184,81.81818181818183
490,3.6863636363635184,81.81818181818183
491,3.6863636363635184,81.81818181818183
492,3.6863636363635184,81.81818181818183
493,3.6863636363635184,81.81818181818183
494,3.6863636363635184,81.81818181818183
495,3.6863636363635184,81.81818181818183
496,3.6863636363635184,81.81818181818183
497,3.686363636363519,81.81818181818183
498,3.686363636363519,81.81818181818183
499,3.6863636363635197,81.81818181818183
500,3.6854545454544287,81.81818181818183
501,3.685454545454429,72.72727272727273
502,3.685454545454429,72.72727272727273
503,3.685454545454429,72.72727272727273
504,3.685454545454429,72.72727272727273
505,3.685454545454429,72.72727272727273
506,3.685454545454429,72.72727272727273
507,3.685454545454429,72.72727272727273
508,3.685454545454429,72.72727272727273
509,3.685454545454429,72.72727272727273
510,3.685454545454429,72.72727272727273
511,3.685454545454429,63.63636363636363
512,3.685454545454429,63.63636363636363
513,3.685454545454429,63.63636363636363
514,3.6854545454544287,63.63636363636363
515,3.6854545454544287,63.63636363636363
516,3.6854545454544287,63.63636363636363
517,3.6854545454544287,63.63636363636363
518,3.685454545454429,63.63636363636363
519,3.685454545454429,63.63636363636363
520,3.685454545454429,63.63636363636363
521,3.685454545454429,63.63636363636363
522,3.685454545454429,63.63636363636363
523,3.685454545454429,72.72727272727273
524,3.685454545454429,72.72727272727273
525,3.68545454545443,72.72727272727273
526,3.68545454545443,72.72727272727273
527,3.68545454545443,72.72727272727273
528,3.68545454545443,72.72727272727273
529,3.68545454545443,72.72727272727273
530,3.685454545454429,63.63636363636363
531,3.685454545454429,63.63636363636363
532,3.685454545454429,63.63636363636363
533,3.685454545454429,63.63636363636363
534,3.685454545454429,63.63636363636363
535,3.685454545454429,81.81818181818183
536,3.685454545454429,81.81818181818183
537,3.685454545454429,81.81818181818183
538,3.685454545454429,81.81818181818183
539,3.685454545454429,81.81818181818183
540,3.685454545454429,81.81818181818183
541,3.685454545454429,81.81818181818183
542,3.685454545454429,81.81818181818183
543,3.685454545454429,81.81818181818183
544,3.685454545454429,81.81818181818183
545,3.68545454545443,81.81818181818183
546,3.68545454545443,81.81818181818183
547,3.68545454545443,81.81818181818183
548,3.68545454545443,81.81818181818183
549,3.68545454545443,63.63636363636363
550,3.68545454545443,63.63636363636363
551,3.68545454545443,63.63636363636363
552,3.68545454545443,90.9090909090909
553,3.68545454545443,72.72727272727273
554,3.685454545454431,72.72727272727273
555,3.685454545454431,72.72727272727273
556,3.685454545454431,72.72727272727273
557,3.685454545454431,72.72727272727273
558,3.685454545454431,72.72727272727273
559,3.685454545454431,72.72727272727273
560,3.685454545454431,72.72727272727273
561,3.68545454545443,72.72727272727273
562,3.685454545454431,72.72727272727273
563,3.6854545454544314,72.72727272727273
564,3.6854545454544323,72.72727272727273
565,3.6854545454544323,72.72727272727273
566,3.6854545454544323,72.72727272727273
567,3.6854545454544314,63.63636363636363
568,3.6854545454544314,63.63636363636363
569,3.6854545454544314,63.63636363636363
570,3.6854545454544314,63.63636363636363
571,3.6854545454544314,63.63636363636363
572,3.6854545454544314,63.63636363636363
573,3.6854545454544323,72.72727272727273
574,3.6854545454544327,72.72727272727273
575,3.6854545454544327,72.72727272727273
576,3.6854545454544327,72.72727272727273
577,3.6854545454544327,72.72727272727273
578,3.6854545454544336,72.72727272727273
579,3.6854545454544336,72.72727272727273
580,3.6854545454544336,72.72727272727273
581,3.6854545454544336,72.72727272727273
582,3.6854545454544327,63.63636363636363
583,3.6854545454544327,63.63636363636363
584,3.6854545454544336,63.63636363636363
585,3.685454545454434,63.63636363636363
586,3.685454545454434,63.63636363636363
587,3.685454545454434,72.72727272727273
588,3.685454545454434,72.72727272727273
589,3.685454545454434,72.72727272727273
590,3.685454545454434,72.72727272727273
591,3.684545454545343,72.72727272727273
592,3.684545454545343,72.72727272727273
593,3.684545454545343,54.54545454545454
594,3.684545454545343,54.54545454545454
595,3.684545454545343,54.54545454545454
596,3.684545454545343,54.54545454545454
597,3.684545454545343,54.54545454545454
598,3.684545454545343,54.54545454545454
599,3.684545454545343,54.54545454545454
600,3.684545454545343,54.54545454545454
601,3.684545454545344,54.54545454545454
602,3.684545454545344,54.54545454545454
603,3.684545454545343,63.63636363636363
604,3.684545454545343,63.63636363636363
605,3.684545454545343,63.63636363636363
606,3.684545454545343,63.63636363636363
607,3.684545454545344,63.63636363636363
608,3.684545454545344,63.63636363636363
609,3.684545454545344,63.63636363636363
610,3.684545454545343,63.63636363636363
611,3.684545454545344,63.63636363636363
612,3.6845454545453444,54.54545454545454
613,3.6845454545453444,54.54545454545454
614,3.6845454545453444,54.54545454545454
615,3.6845454545453444,54.54545454545454
616,3.6845454545453444,54.54545454545454
617,3.684545454545344,54.54545454545454
618,3.684545454545344,54.54545454545454
619,3.684545454545344,54.54545454545454
620,3.684545454545344,54.54545454545454
621,3.684545454545344,54.54545454545454
622,3.684545454545344,54.54545454545454
623,3.684545454545344,54.54545454545454
624,3.684545454545344,54.54545454545454
625,3.684545454545343,54.54545454545454
626,3.684545454545343,72.72727272727273
627,3.684545454545343,72.72727272727273
628,3.684545454545343,72.72727272727273
629,3.684545454545343,81.81818181818183
630,3.683636363636252,81.81818181818183
631,3.683636363636252,81.81818181818183
632,3.683636363636252,81.81818181818183
633,3.683636363636252,81.81818181818183
634,3.683636363636253,72.72727272727273
635,3.683636363636253,72.72727272727273
636,3.683636363636253,72.72727272727273
637,3.683636363636253,72.72727272727273
638,3.683636363636253,72.72727272727273
639,3.6836363636362535,72.72727272727273
640,3.6836363636362535,72.72727272727273
641,3.683636363636253,72.72727272727273
642,3.6836363636362535,72.72727272727273
643,3.6836363636362535,72.72727272727273
644,3.6836363636362535,72.72727272727273
645,3.6836363636362535,72.72727272727273
646,3.683636363636253,72.72727272727273
647,3.683636363636253,72.72727272727273
648,3.683636363636253,72.72727272727273
649,3.683636363636253,72.72727272727273
650,3.683636363636252,72.72727272727273
651,3.683636363636253,72.72727272727273
652,3.6836363636362535,72.72727272727273
653,3.6836363636362535,72.72727272727273
654,3.6836363636362535,72.72727272727273
655,3.683636363636253,63.63636363636363
656,3.683636363636253,63.63636363636363
657,3.683636363636253,63.63636363636363
658,3.683636363636253,81.81818181818183
659,3.683636363636252,81.81818181818183
660,3.683636363636252,81.81818181818183
661,3.683636363636253,81.81818181818183
662,3.683636363636253,81.81818181818183
663,3.683636363636253,81.81818181818183
664,3.6836363636362535,72.72727272727273
665,3.6836363636362535,72.72727272727273
666,3.683636363636253,72.72727272727273
667,3.683636363636253,72.72727272727273
668,3.683636363636253,72.72727272727273
669,3.682727272727162,72.72727272727273
670,3.682727272727162,72.72727272727273
671,3.682727272727162,72.72727272727273
672,3.682727272727162,63.63636363636363
673,3.682727272727162,63.63636363636363
674,3.682727272727161,63.63636363636363
675,3.682727272727161,63.63636363636363
676,3.682727272727161,63.63636363636363
677,3.682727272727161,63.63636363636363
678,3.6827272727271607,63.63636363636363
679,3.6827272727271607,63.63636363636363
680,3.6827272727271607,63.63636363636363
681,3.6827272727271607,63.63636363636363
682,3.6827272727271607,63.63636363636363
683,3.682727272727161,63.63636363636363
684,3.682727272727162,63.63636363636363
685,3.682727272727162,63.63636363636363
686,3.682727272727162,63.63636363636363
687,3.682727272727162,63.63636363636363
688,3.682727272727162,63.63636363636363
689,3.682727272727162,63.63636363636363
690,3.6818181818180715,63.63636363636363
691,3.6818181818180715,63.63636363636363
692,3.6818181818180715,63.63636363636363
693,3.6818181818180715,63.63636363636363
694,3.681818181818071,63.63636363636363
695,3.681818181818071,63.63636363636363
696,3.6818181818180715,54.54545454545454
697,3.681818181818071,63.63636363636363
698,3.6818181818180715,63.63636363636363
699,3.6818181818180715,63.63636363636363
700,3.6818181818180715,63.63636363636363
701,3.6818181818180715,63.63636363636363
702,3.6818181818180715,63.63636363636363
703,3.6818181818180724,63.63636363636363
704,3.6818181818180724,63.63636363636363
705,3.6818181818180724,63.63636363636363
706,3.6818181818180724,63.63636363636363
707,3.6818181818180724,63.63636363636363
708,3.6818181818180724,63.63636363636363
709,3.6818181818180724,63.63636363636363
710,3.6818181818180715,63.63636363636363
711,3.6818181818180715,63.63636363636363
712,3.681818181818071,63.63636363636363
713,3.681818181818071,63.63636363636363
714,3.6818181818180715,63.63636363636363
715,3.6818181818180715,63.63636363636363
716,3.6818181818180724,63.63636363636363
717,3.6818181818180724,63.63636363636363
718,3.681818181818073,54.54545454545454
719,3.681818181818073,54.54545454545454
720,3.681818181818073,54.54545454545454
721,3.681818181818073,54.54545454545454
722,3.6818181818180724,63.63636363636363
723,3.6818181818180715,63.63636363636363
724,3.6818181818180715,63.63636363636363
725,3.681818181818071,63.63636363636363
726,3.681818181818071,63.63636363636363
727,3.681818181818071,63.63636363636363
728,3.681818181818071,63.63636363636363
729,3.681818181818071,63.63636363636363
730,3.681818181818071,63.63636363636363
731,3.6818181818180715,63.63636363636363
732,3.681818181818071,63.63636363636363
733,3.6818181818180715,63.63636363636363
734,3.6818181818180715,63.63636363636363
735,3.6818181818180724,63.63636363636363
736,3.6818181818180715,63.63636363636363
737,3.6818181818180715,63.63636363636363
738,3.6818181818180715,63.63636363636363
739,3.6818181818180715,63.63636363636363
740,3.6818181818180715,63.63636363636363
741,3.6818181818180724,63.63636363636363
742,3.6818181818180724,72.72727272727273
743,3.6818181818180724,72.72727272727273
744,3.6818181818180724,72.72727272727273
745,3.6818181818180724,72.72727272727273
746,3.6818181818180715,72.72727272727273
747,3.681818181818071,72.72727272727273
748,3.681818181818071,72.72727272727273
749,3.681818181818071,72.72727272727273
750,3.6818181818180715,72.72727272727273
751,3.6818181818180715,72.72727272727273
752,3.681818181818071,63.63636363636363
753,3.681818181818071,63.63636363636363
754,3.681818181818071,63.63636363636363
755,3.681818181818071,63.63636363636363
756,3.681818181818071,63.63636363636363
757,3.681818181818071,63.63636363636363
758,3.681818181818071,63.63636363636363
759,3.681818181818071,63.63636363636363
760,3.681818181818071,63.63636363636363
761,3.681818181818071,63.63636363636363
762,3.6818181818180715,63.63636363636363
763,3.6818181818180715,63.63636363636363
764,3.6818181818180715,63.63636363636363
765,3.6818181818180715,63.63636363636363
766,3.6818181818180715,63.63636363636363
767,3.6818181818180715,63.63636363636363
768,3.6818181818180715,63.63636363636363
769,3.6818181818180715,63.63636363636363
770,3.6818181818180715,63.63636363636363
771,3.6809090909089806,63.63636363636363
772,3.6809090909089806,81.81818181818183
773,3.6809090909089806,81.81818181818183
774,3.6809090909089806,81.81818181818183
775,3.6809090909089806,81.81818181818183
776,3.6809090909089806,81.81818181818183
777,3.6809090909089806,90.9090909090909
778,3.6809090909089806,90.9090909090909
779,3.6809090909089806,90.9090909090909
780,3.6809090909089806,90.9090909090909
781,3.6809090909089806,90.9090909090909
782,3.6809090909089806,90.9090909090909
783,3.6809090909089806,90.9090909090909
784,3.6809090909089806,90.9090909090909
785,3.6809090909089806,90.9090909090909
786,3.6809090909089806,90.9090909090909
787,3.6809090909089806,90.9090909090909
788,3.68090909090898,90.9090909090909
789,3.6809090909089806,90.9090909090909
790,3.6809090909089806,90.9090909090909
791,3.6809090909089806,90.9090909090909
792,3.6809090909089806,90.9090909090909
793,3.6809090909089806,90.9090909090909
794,3.6809090909089806,90.9090909090909
795,3.6809090909089806,90.9090909090909
796,3.6809090909089806,90.9090909090909
797,3.6809090909089806,90.9090909090909
798,3.6809090909089806,90.9090909090909
799,3.6809090909089806,90.9090909090909
800,3.6809090909089806,90.9090909090909
801,3.679999999999891,90.9090909090909
802,3.679999999999891,90.9090909090909
803,3.679999999999891,90.9090909090909
804,3.679999999999891,90.9090909090909
805,3.679999999999891,90.9090909090909
806,3.679999999999891,90.9090909090909
807,3.679999999999891,90.9090909090909
808,3.679999999999891,72.72727272727273
809,3.679999999999891,72.72727272727273
810,3.679999999999891,72.72727272727273
811,3.679999999999891,72.72727272727273
812,3.679999999999892,72.72727272727273
813,3.679999999999892,72.72727272727273
814,3.679999999999892,72.72727272727273
815,3.679999999999892,72.72727272727273
816,3.679999999999892,72.72727272727273
817,3.679999999999892,63.63636363636363
818,3.679999999999892,63.63636363636363
819,3.679999999999892,72.72727272727273
820,3.679999999999892,72.72727272727273
821,3.679999999999892,72.72727272727273
822,3.679999999999892,72.72727272727273
823,3.679999999999892,72.72727272727273
824,3.679999999999892,72.72727272727273
825,3.679999999999891,72.72727272727273
826,3.679999999999891,72.72727272727273
827,3.679999999999891,72.72727272727273
828,3.679999999999891,72.72727272727273
829,3.679999999999891,72.72727272727273
830,3.679999999999891,72.72727272727273
831,3.679999999999891,72.72727272727273
832,3.679999999999891,72.72727272727273
833,3.679999999999891,72.72727272727273
834,3.679999999999891,72.72727272727273
835,3.679999999999891,72.72727272727273
836,3.679999999999891,72.72727272727273
837,3.679999999999891,72.72727272727273
838,3.679999999999891,72.72727272727273
839,3.679999999999891,72.72727272727273
840,3.679999999999891,72.72727272727273
841,3.679999999999891,72.72727272727273
842,3.679999999999891,72.72727272727273
843,3.679999999999891,72.72727272727273
844,3.679999999999891,72.72727272727273
845,3.679999999999891,72.72727272727273
846,3.679999999999891,72.72727272727273
847,3.6799999999998905,72.72727272727273
848,3.6799999999998905,72.72727272727273
849,3.6799999999998905,72.72727272727273
850,3.6799999999998905,72.72727272727273
851,3.6799999999998905,72.72727272727273
852,3.6799999999998905,72.72727272727273
853,3.6799999999998905,72.72727272727273
854,3.6790909090907995,72.72727272727273
855,3.6790909090907995,72.72727272727273
856,3.6790909090907995,72.72727272727273
857,3.6790909090907995,81.81818181818183
858,3.6790909090907995,81.81818181818183
859,3.6790909090907995,81.81818181818183
860,3.6790909090907986,81.81818181818183
861,3.6790909090907986,81.81818181818183
862,3.6790909090907986,81.81818181818183
863,3.6790909090907986,81.81818181818183
864,3.6790909090907995,81.81818181818183
865,3.6790909090907995,81.81818181818183
866,3.6790909090907995,81.81818181818183
867,3.6790909090907995,81.81818181818183
868,3.6790909090907995,81.81818181818183
869,3.6790909090907995,72.72727272727273
870,3.6790909090907995,72.72727272727273
871,3.6790909090907995,72.72727272727273
872,3.6790909090907995,72.72727272727273
873,3.6790909090907995,72.72727272727273
874,3.6790909090907995,63.63636363636363
875,3.6790909090907995,63.63636363636363
876,3.6790909090907995,63.63636363636363
877,3.6790909090907995,63.63636363636363
878,3.6790909090907995,63.63636363636363
879,3.6790909090907995,63.63636363636363
880,3.6790909090907995,63.63636363636363
881,3.6790909090907995,63.63636363636363
882,3.6790909090907995,72.72727272727273
883,3.6790909090907995,72.72727272727273
884,3.6790909090907995,63.63636363636363
885,3.6790909090907995,63.63636363636363
886,3.6790909090908,63.63636363636363
887,3.6790909090908,63.63636363636363
888,3.6790909090908,63.63636363636363
889,3.6790909090908,63.63636363636363
890,3.6790909090908,63.63636363636363
891,3.6790909090908,63.63636363636363
892,3.6790909090908,63.63636363636363
893,3.6790909090908,63.63636363636363
894,3.6790909090908,63.63636363636363
895,3.67818181818171,63.63636363636363
896,3.67818181818171,63.63636363636363
897,3.67818181818171,72.72727272727273
898,3.67818181818171,72.72727272727273
899,3.6781818181817103,72.72727272727273
900,3.67818181818171,72.72727272727273
901,3.67818181818171,72.72727272727273
902,3.67818181818171,72.72727272727273
903,3.67818181818171,72.72727272727273
904,3.67818181818171,72.72727272727273
905,3.67818181818171,72.72727272727273
906,3.67818181818171,81.81818181818183
907,3.67818181818171,81.81818181818183
908,3.678181818181709,81.81818181818183
909,3.678181818181709,81.81818181818183
910,3.678181818181709,81.81818181818183
911,3.67818181818171,81.81818181818183
912,3.678181818181709,81.81818181818183
913,3.6781818181817085,81.81818181818183
914,3.6781818181817085,72.72727272727273
915,3.678181818181709,72.72727272727273
916,3.6781818181817085,81.81818181818183
917,3.6781818181817085,81.81818181818183
918,3.678181818181709,81.81818181818183
919,3.67818181818171,81.81818181818183
920,3.678181818181709,81.81818181818183
921,3.678181818181709,81.81818181818183
922,3.67818181818171,72.72727272727273
923,3.67818181818171,72.72727272727273
924,3.67818181818171,72.72727272727273
925,3.67818181818171,72.72727272727273
926,3.67818181818171,63.63636363636363
927,3.67818181818171,63.63636363636363
928,3.67818181818171,72.72727272727273
929,3.67818181818171,72.72727272727273
930,3.6781818181817103,72.72727272727273
931,3.6781818181817103,72.72727272727273
932,3.6781818181817103,81.81818181818183
933,3.67818181818171,81.81818181818183
934,3.677272727272619,81.81818181818183
935,3.677272727272619,81.81818181818183
936,3.677272727272619,81.81818181818183
937,3.6772727272726193,72.72727272727273
938,3.6772727272726193,72.72727272727273
939,3.6772727272726193,72.72727272727273
940,3.677272727272619,72.72727272727273
941,3.677272727272619,72.72727272727273
942,3.677272727272619,72.72727272727273
943,3.6772727272726193,72.72727272727273
944,3.6772727272726193,72.72727272727273
945,3.6763636363635284,72.72727272727273
946,3.6763636363635284,72.72727272727273
947,3.6763636363635284,72.72727272727273
948,3.6763636363635284,72.72727272727273
949,3.6763636363635284,72.72727272727273
950,3.6763636363635275,63.63636363636363
951,3.6763636363635275,63.63636363636363
952,3.6763636363635275,63.63636363636363
953,3.6763636363635275,63.63636363636363
954,3.6763636363635284,63.63636363636363
955,3.6763636363635284,63.63636363636363
956,3.6763636363635284,63.63636363636363
957,3.6763636363635284,63.63636363636363
958,3.6763636363635284,63.63636363636363
959,3.6763636363635284,63.63636363636363
960,3.6754545454544374,63.63636363636363
961,3.6754545454544383,63.63636363636363
962,3.6754545454544374,63.63636363636363
963,3.6754545454544383,63.63636363636363
964,3.6745454545453473,63.63636363636363
965,3.6745454545453473,63.63636363636363
966,3.6745454545453473,63.63636363636363
967,3.6745454545453464,63.63636363636363
968,3.6745454545453464,63.63636363636363
969,3.6745454545453473,63.63636363636363
970,3.6745454545453473,63.63636363636363
971,3.6745454545453473,72.72727272727273
972,3.6745454545453478,72.72727272727273
973,3.6745454545453478,72.72727272727273
974,3.6745454545453478,72.72727272727273
975,3.6745454545453478,72.72727272727273
976,3.6745454545453478,72.72727272727273
977,3.6745454545453478,72.72727272727273
978,3.6745454545453478,72.72727272727273
979,3.6745454545453478,72.72727272727273
980,3.6745454545453478,72.72727272727273
981,3.6745454545453478,72.72727272727273
982,3.6745454545453478,72.72727272727273
983,3.6745454545453478,72.72727272727273
984,3.6745454545453478,72.72727272727273
985,3.6745454545453486,72.72727272727273
986,3.6745454545453486,72.72727272727273
987,3.674545454545349,72.72727272727273
988,3.674545454545349,72.72727272727273
989,3.674545454545349,72.72727272727273
990,3.6745454545453486,63.63636363636363
991,3.6745454545453486,63.63636363636363
992,3.6745454545453486,63.63636363636363
993,3.6745454545453486,63.63636363636363
994,3.6745454545453486,63.63636363636363
995,3.6745454545453486,63.63636363636363
996,3.6745454545453478,63.63636363636363
997,3.6745454545453478,63.63636363636363
998,3.6745454545453478,63.63636363636363
999,3.6745454545453478,72.72727272727273
1000,3.6745454545453486,72.72727272727273
1001,3.6745454545453486,72.72727272727273
1002,3.6745454545453486,72.72727272727273
1003,3.6745454545453486,72.72727272727273
1004,3.6745454545453478,72.72727272727273
1005,3.6745454545453478,72.72727272727273
1006,3.6745454545453486,72.72727272727273
1007,3.6745454545453486,72.72727272727273
1008,3.6745454545453486,72.72727272727273
1009,3.6745454545453486,72.72727272727273
1010,3.6745454545453486,72.72727272727273
1011,3.6745454545453486,72.72727272727273
1012,3.6745454545453486,72.72727272727273
1013,3.6745454545453478,72.72727272727273
1014,3.6745454545453478,72.72727272727273
1015,3.6745454545453478,72.72727272727273
1016,3.6745454545453486,72.72727272727273
1017,3.6745454545453486,72.72727272727273
1018,3.6745454545453486,63.63636363636363
1019,3.6745454545453486,63.63636363636363
1020,3.6745454545453486,63.63636363636363
1021,3.6745454545453486,63.63636363636363
1022,3.6745454545453486,63.63636363636363
1023,3.6745454545453486,72.72727272727273
1024,3.6745454545453486,72.72727272727273
1025,3.6745454545453486,72.72727272727273
1026,3.6745454545453486,72.72727272727273
1027,3.6745454545453486,72.72727272727273
1028,3.6745454545453486,72.72727272727273
1029,3.6745454545453478,72.72727272727273
1030,3.6745454545453486,72.72727272727273
1031,3.6745454545453486,72.72727272727273
1032,3.6745454545453486,72.72727272727273
1033,3.674545454545349,72.72727272727273
1034,3.674545454545349,72.72727272727273
1035,3.674545454545349,72.72727272727273
1036,3.674545454545349,72.72727272727273
1037,3.674545454545349,72.72727272727273
1038,3.674545454545349,72.72727272727273
1039,3.674545454545349,72.72727272727273
1040,3.674545454545349,72.72727272727273
1041,3.6745454545453486,72.72727272727273
1042,3.674545454545349,72.72727272727273
1043,3.674545454545349,72.72727272727273
1044,3.6745454545453486,72.72727272727273
1045,3.674545454545349,72.72727272727273
1046,3.6745454545453486,72.72727272727273
1047,3.6745454545453486,72.72727272727273
1048,3.674545454545349,72.72727272727273
1049,3.674545454545349,72.72727272727273
1050,3.674545454545349,72.72727272727273
1051,3.673636363636259,72.72727272727273
1052,3.673636363636259,72.72727272727273
1053,3.673636363636258,72.72727272727273
1054,3.673636363636258,72.72727272727273
1055,3.673636363636258,72.72727272727273
1056,3.673636363636258,72.72727272727273
1057,3.6736363636362577,72.72727272727273
1058,3.6736363636362577,72.72727272727273
1059,3.6736363636362577,72.72727272727273
1060,3.6736363636362577,72.72727272727273
1061,3.6736363636362577,72.72727272727273
1062,3.6736363636362577,72.72727272727273
1063,3.6727272727271663,72.72727272727273
1064,3.6727272727271663,72.72727272727273
1065,3.6727272727271663,72.72727272727273
1066,3.6727272727271663,72.72727272727273
1067,3.672727272727167,72.72727272727273
1068,3.672727272727167,63.63636363636363
1069,3.672727272727168,63.63636363636363
1070,3.672727272727168,63.63636363636363
1071,3.672727272727168,63.63636363636363
1072,3.672727272727168,63.63636363636363
1073,3.672727272727168,63.63636363636363
1074,3.672727272727168,63.63636363636363
1075,3.672727272727168,63.63636363636363
1076,3.672727272727168,63.63636363636363
1077,3.672727272727168,63.63636363636363
1078,3.672727272727168,63.63636363636363
1079,3.672727272727168,63.63636363636363
1080,3.672727272727168,63.63636363636363
1081,3.672727272727168,63.63636363636363
1082,3.672727272727168,72.72727272727273
1083,3.672727272727168,72.72727272727273
1084,3.6727272727271685,72.72727272727273
1085,3.6727272727271694,72.72727272727273
1086,3.6727272727271694,72.72727272727273
1087,3.6727272727271694,72.72727272727273
1088,3.6727272727271694,72.72727272727273
1089,3.6727272727271694,72.72727272727273
1090,3.67272727272717,72.72727272727273
1091,3.67272727272717,72.72727272727273
1092,3.6727272727271694,72.72727272727273
1093,3.6727272727271694,72.72727272727273
1094,3.6727272727271685,63.63636363636363
1095,3.6727272727271685,63.63636363636363
1096,3.6727272727271685,63.63636363636363
1097,3.6727272727271685,63.63636363636363
1098,3.6727272727271685,63.63636363636363
1099,3.6727272727271685,63.63636363636363
1100,3.6727272727271685,63.63636363636363
1101,3.6727272727271694,63.63636363636363
1102,3.6727272727271694,63.63636363636363
1103,3.67272727272717,72.72727272727273
1104,3.67272727272717,72.72727272727273
1105,3.67272727272717,72.72727272727273
1106,3.6718181818180784,72.72727272727273
1107,3.6718181818180784,72.72727272727273
1108,3.6718181818180775,72.72727272727273
1109,3.6718181818180784,72.72727272727273
1110,3.6718181818180784,72.72727272727273
1111,3.671818181818079,72.72727272727273
1112,3.671818181818079,72.72727272727273
1113,3.671818181818079,72.72727272727273
1114,3.671818181818079,72.72727272727273
1115,3.6718181818180784,72.72727272727273
1116,3.6718181818180784,72.72727272727273
1117,3.6718181818180784,72.72727272727273
1118,3.6718181818180784,72.72727272727273
1119,3.6718181818180775,72.72727272727273
1120,3.6718181818180775,72.72727272727273
1121,3.6718181818180775,72.72727272727273
1122,3.6718181818180775,72.72727272727273
1123,3.6718181818180775,81.81818181818183
1124,3.6718181818180775,81.81818181818183
1125,3.6718181818180775,81.81818181818183
1126,3.6718181818180775,81.81818181818183
1127,3.6718181818180775,81.81818181818183
1128,3.6718181818180775,81.81818181818183
1129,3.6718181818180784,81.81818181818183
1130,3.6718181818180784,81.81818181818183
1131,3.6718181818180784,81.81818181818183
1132,3.671818181818079,81.81818181818183
1133,3.671818181818079,81.81818181818183
1134,3.671818181818079,81.81818181818183
1135,3.671818181818079,81.81818181818183
1136,3.671818181818079,81.81818181818183
1137,3.6718181818180784,81.81818181818183
1138,3.6718181818180784,81.81818181818183
1139,3.671818181818079,63.63636363636363
1140,3.671818181818079,63.63636363636363
1141,3.671818181818079,63.63636363636363
1142,3.671818181818079,63.63636363636363
1143,3.671818181818079,63.63636363636363
1144,3.671818181818079,63.63636363636363
1145,3.671818181818079,63.63636363636363
1146,3.671818181818079,63.63636363636363
1147,3.671818181818079,63.63636363636363
1148,3.671818181818079,63.63636363636363
1149,3.6709090909089888,63.63636363636363
1150,3.670909090908988,63.63636363636363
1151,3.6709090909089874,63.63636363636363
1152,3.6709090909089874,63.63636363636363
1153,3.6709090909089874,63.63636363636363
1154,3.6709090909089874,63.63636363636363
1155,3.6709090909089874,72.72727272727273
1156,3.6709090909089874,72.72727272727273
1157,3.6709090909089874,72.72727272727273
1158,3.6709090909089874,72.72727272727273
1159,3.6709090909089874,72.72727272727273
1160,3.6709090909089874,72.72727272727273
1161,3.6709090909089874,72.72727272727273
1162,3.6709090909089874,72.72727272727273
1163,3.6709090909089874,72.72727272727273
1164,3.6709090909089874,72.72727272727273
1165,3.670909090908988,72.72727272727273
1166,3.6718181818180784,72.72727272727273
1167,3.671818181818079,72.72727272727273
1168,3.671818181818079,72.72727272727273
1169,3.671818181818079,72.72727272727273
1170,3.6718181818180797,72.72727272727273
1171,3.671818181818079,72.72727272727273
1172,3.671818181818079,72.72727272727273
1173,3.6718181818180797,72.72727272727273
1174,3.6718181818180797,72.72727272727273
1175,3.6718181818180797,72.72727272727273
1176,3.6718181818180797,72.72727272727273
1177,3.6718181818180797,81.81818181818183
1178,3.6718181818180797,81.81818181818183
1179,3.6718181818180797,81.81818181818183
1180,3.6718181818180797,81.81818181818183
1181,3.6718181818180797,81.81818181818183
1182,3.6718181818180797,81.81818181818183
1183,3.6718181818180797,81.81818181818183
1184,3.6718181818180797,81.81818181818183
1185,3.6718181818180797,81.81818181818183
1186,3.6718181818180797,81.81818181818183
1187,3.67181818181808,81.81818181818183
1188,3.6718181818180797,81.81818181818183
1189,3.6718181818180797,81.81818181818183
1190,3.6718181818180797,81.81818181818183
1191,3.6709090909089888,81.81818181818183
1192,3.6709090909089888,81.81818181818183
1193,3.6709090909089888,63.63636363636363
1194,3.670909090908988,63.63636363636363
1195,3.670909090908988,63.63636363636363
1196,3.670909090908988,63.63636363636363
1197,3.670909090908988,63.63636363636363
1198,3.670909090908988,63.63636363636363
1199,3.670909090908988,63.63636363636363
1200,3.670909090908988,63.63636363636363
1201,3.670909090908988,63.63636363636363
1202,3.6709090909089888,63.63636363636363
1203,3.6709090909089888,63.63636363636363
1204,3.670909090908988,63.63636363636363
1205,3.670909090908988,63.63636363636363
1206,3.6709090909089888,63.63636363636363
1207,3.6709090909089888,63.63636363636363
1208,3.6709090909089888,63.63636363636363
1209,3.6709090909089888,63.63636363636363
1210,3.6709090909089888,63.63636363636363
1211,3.6709090909089888,63.63636363636363
1212,3.6709090909089888,63.63636363636363
1213,3.6709090909089888,63.63636363636363
1214,3.670909090908989,63.63636363636363
1215,3.670909090908989,63.63636363636363
1216,3.670909090908989,63.63636363636363
1217,3.670909090908989,63.63636363636363
1218,3.670909090908989,63.63636363636363
1219,3.670909090908989,63.63636363636363
1220,3.670909090908989,63.63636363636363
1221,3.6709090909089888,63.63636363636363
1222,3.670909090908989,63.63636363636363
1223,3.670909090908989,63.63636363636363
1224,3.670909090908989,63.63636363636363
1225,3.670909090908989,63.63636363636363
1226,3.670909090908989,63.63636363636363
1227,3.670909090908989,63.63636363636363
1228,3.670909090908989,63.63636363636363
1229,3.67090909090899,54.54545454545454
1230,3.67090909090899,54.54545454545454
1231,3.67090909090899,54.54545454545454
1232,3.67090909090899,54.54545454545454
1233,3.67090909090899,63.63636363636363
1234,3.670909090908989,63.63636363636363
1235,3.6709090909089888,63.63636363636363
1236,3.6709090909089888,63.63636363636363
1237,3.6709090909089888,63.63636363636363
1238,3.6709090909089888,63.63636363636363
1239,3.6709090909089888,63.63636363636363
1240,3.670909090908989,54.54545454545454
1241,3.6709090909089888,63.63636363636363
1242,3.6709090909089888,63.63636363636363
1243,3.6709090909089888,63.63636363636363
1244,3.6709090909089888,63.63636363636363
1245,3.6709090909089888,63.63636363636363
1246,3.6709090909089888,63.63636363636363
1247,3.6709090909089888,63.63636363636363
1248,3.6709090909089888,63.63636363636363
1249,3.6709090909089888,63.63636363636363
1250,3.6709090909089888,72.72727272727273
1251,3.6709090909089888,72.72727272727273
1252,3.6709090909089888,72.72727272727273
1253,3.670909090908988,72.72727272727273
1254,3.6709090909089888,72.72727272727273
1255,3.6709090909089888,72.72727272727273
1256,3.6709090909089888,72.72727272727273
1257,3.6709090909089888,72.72727272727273
1258,3.670909090908989,72.72727272727273
1259,3.670909090908989,72.72727272727273
1260,3.670909090908989,72.72727272727273
1261,3.670909090908989,72.72727272727273
1262,3.670909090908989,72.72727272727273
1263,3.670909090908989,72.72727272727273
1264,3.670909090908989,72.72727272727273
1265,3.67090909090899,72.72727272727273
1266,3.67090909090899,72.72727272727273
1267,3.67090909090899,72.72727272727273
1268,3.670909090908989,63.63636363636363
1269,3.67090909090899,72.72727272727273
1270,3.67090909090899,72.72727272727273
1271,3.6709090909089905,72.72727272727273
1272,3.6709090909089905,72.72727272727273
1273,3.67090909090899,63.63636363636363
1274,3.67090909090899,63.63636363636363
1275,3.6709090909089905,54.54545454545454
1276,3.6709090909089905,54.54545454545454
1277,3.6709090909089914,54.54545454545454
1278,3.6709090909089914,54.54545454545454
1279,3.6709090909089914,54.54545454545454
1280,3.6709090909089914,54.54545454545454
1281,3.6709090909089914,54.54545454545454
1282,3.6709090909089905,63.63636363636363
1283,3.6709090909089905,63.63636363636363
1284,3.6709090909089905,63.63636363636363
1285,3.6709090909089905,54.54545454545454
1286,3.6709090909089905,54.54545454545454
1287,3.67090909090899,63.63636363636363
1288,3.67090909090899,63.63636363636363
1289,3.67090909090899,63.63636363636363
1290,3.67090909090899,63.63636363636363
1291,3.67090909090899,63.63636363636363
1292,3.67090909090899,63.63636363636363
1293,3.67090909090899,72.72727272727273
1294,3.67090909090899,72.72727272727273
1295,3.67090909090899,72.72727272727273
1296,3.67090909090899,72.72727272727273
1297,3.67090909090899,72.72727272727273
1298,3.67090909090899,72.72727272727273
1299,3.67090909090899,72.72727272727273
1300,3.6709090909089905,63.63636363636363
1301,3.6709090909089905,63.63636363636363
1302,3.6709090909089905,63.63636363636363
1303,3.6709090909089905,63.63636363636363
1304,3.6709090909089914,63.63636363636363
1305,3.6709090909089914,63.63636363636363
1306,3.6709090909089914,63.63636363636363
1307,3.6709090909089914,63.63636363636363
1308,3.6709090909089905,63.63636363636363
1309,3.67090909090899,63.63636363636363
1310,3.67090909090899,72.72727272727273
1311,3.670909090908989,63.63636363636363
1312,3.670909090908989,63.63636363636363
1313,3.670909090908989,63.63636363636363
1314,3.670909090908989,63.63636363636363
1315,3.670909090908989,63.63636363636363
1316,3.670909090908989,63.63636363636363
1317,3.670909090908989,63.63636363636363
1318,3.670909090908989,63.63636363636363
1319,3.670909090908989,81.81818181818183
1320,3.670909090908989,81.81818181818183
1321,3.669999999999899,81.81818181818183
1322,3.669999999999899,81.81818181818183
1323,3.6699999999998996,72.72727272727273
1324,3.6699999999998996,72.72727272727273
1325,3.6699999999998996,72.72727272727273
1326,3.6699999999998996,81.81818181818183
1327,3.6699999999999005,81.81818181818183
1328,3.6699999999999005,81.81818181818183
1329,3.6699999999999005,81.81818181818183
1330,3.6699999999998996,81.81818181818183
1331,3.6699999999998996,81.81818181818183
1332,3.6699999999998996,81.81818181818183
1333,3.6699999999998996,81.81818181818183
1334,3.6699999999998996,72.72727272727273
1335,3.6699999999999005,72.72727272727273
1336,3.6699999999999005,72.72727272727273
1337,3.6699999999999005,72.72727272727273
1338,3.669999999999902,72.72727272727273
1339,3.669999999999902,81.81818181818183
1340,3.669999999999902,100.0